{
  "train_accuracy": 0.889375,
  "test_accuracy": 0.625,
  "cv_accuracy_mean": 0.605,
  "cv_accuracy_std": 0.02770379035439011,
  "log_loss": 0.6900480695312138,
  "auc_ovr": null,
  "confusion_matrix": [
    [
      24,
      120
    ],
    [
      30,
      226
    ]
  ],
  "dataset_hash": "806fb6e7bd58e1652c6342f656405db2",
  "dataset_rows": 2000,
  "dataset_cols": 25
}