{
  "train_accuracy": 1.0,
  "test_accuracy": 0.5825,
  "cv_accuracy_mean": 0.5860000000000001,
  "cv_accuracy_std": 0.014370107863199911,
  "log_loss": 0.8056577357127546,
  "auc_ovr": null,
  "confusion_matrix": [
    [
      22,
      122
    ],
    [
      45,
      211
    ]
  ],
  "dataset_hash": "c1d79f2b73784a99eeff7f948a5b0f03",
  "dataset_rows": 2000,
  "dataset_cols": 25
}