{
  "train_accuracy": 0.9749283667621776,
  "test_accuracy": 0.8194842406876791,
  "cv_accuracy_mean": 0.9352435530085959,
  "cv_accuracy_std": 0.011931611927597159,
  "log_loss": 0.5671262658719689,
  "auc_ovr": 0.9289035079832672,
  "confusion_matrix": [
    [
      190,
      6,
      30
    ],
    [
      27,
      114,
      31
    ],
    [
      16,
      16,
      268
    ]
  ],
  "dataset_hash": "a2c86c25b159761937715dc9b07dbac5",
  "dataset_rows": 3490,
  "dataset_cols": 19
}