{
  "cv_accuracy": 0.5160550458715596,
  "cv_accuracy_std": 0.014626243478370764,
  "cv_log_loss": 1.0285507713174258,
  "cv_brier_score": 0.20215388422071937,
  "n_folds": 3,
  "n_samples": 3490,
  "n_features": 24,
  "ece_after_calibration": 0.2886095817721606,
  "calibrated": true,
  "sport": "soccer",
  "trained_at": "2025-11-10T21:07:07.891437",
  "model_type": "ensemble",
  "base_models": [
    "xgboost",
    "lightgbm",
    "random_forest"
  ]
}