{
  "train_accuracy": 0.8452722063037249,
  "test_accuracy": 0.5071633237822349,
  "cv_accuracy_mean": 0.47048710601719196,
  "cv_accuracy_std": 0.018516325984416635,
  "log_loss": 1.1035774188599459,
  "auc_ovr": 0.6334607772243629,
  "confusion_matrix": [
    [
      59,
      16,
      38
    ],
    [
      24,
      17,
      45
    ],
    [
      23,
      26,
      101
    ]
  ],
  "dataset_hash": "72d42239c3a5eaa63fd028aa8609ce53",
  "dataset_rows": 1745,
  "dataset_cols": 19
}